name,address,amount,memo,country
Wanjiru Kamau,GDX7ZQDO62OSSKGYBUYYNLXCMQZ4KUYJ5BOIV5HYZMZ6K2ZAV5O5KHLA,50.00,"for mama Njeri, from the Houston chapter",US
Kwame Boateng,GDPG2OUWWZLGU3ZM7XAQMY33GCSP2IKIRTAXUKSQUU2OIEWZ56ZLBB7D,$25.37,Pole sana. Get well soon,GB
Adaeze Okonkwo,GADCLQLJBPGRBEO3LZ2C66XEDUDOAHH6T5B2QEC32HEKCWDR27DARHFD,100,Nakuru alumni 2009,CA
Samuel Mwangi-O'Brien,GBAH7R6IUEGZ7GOWBRXDQ76FXY5JMPTAFSGMUHQA5KBVYIE2NEE3NKXK,500.00,hospital deposit - call me if short,US
Fatuma Abdi,GBH4JGF5TLBZZSPVRQMRAAXETFVSII7BGL7TQCEBBBFQGVHDVC2CWNMC,5,,AE
Tendai Moyo,GBGRBK7MINQUS4AC3HPR7WHT2HTSFX6HK46BHMEMEQ77JFJIUPM4T2BX,"12,50",from Leeds,GB
Ng'ang'a Kariuki,GDWHHQL5H6ZRAXCGUVWH2QXBAWZEPA2RZJNDGCFO2LUWQV6KT6G4GZ53,  75.25  ,Kariuki family,US
Amara Diallo,GCQVG6PCVGY5DHRUDKAGAR5DDQ76LAM6AZL2LCSQBXBYIA5T7VDK4NS7,USD 20,,FR
Chidi Eze,GBTWASXVXJQIJ3PTVBPB7QDBA7MD2U5X7FNH7MLFNR67IXZY6SVTB5VR,33.33,"1/3 of what I promised, rest next month",US
Grace Achieng,GAFFMSOZCUOTVWP5HPMQAY3URCYRXLRV5LZOFUAZAUYPMOMKZTZTKU3L,250.00,Achieng sisters together,AU
Yohannes Tesfaye,GB5VA5EUMV56YWQFLGZFJZU4ME2KQOGVDOQ4YDK4MQGLYS7WJPCKDGMY,47.13,,SE
Njeri Wanjiku,GC65TX4TS7PD5PV7EXVYRJGQWDCTB3H567DYIJ4HJQ72DS3PQP5UWGJA,fifty dollars,will send via cousin,US
Halima Hussein,GCFXCARGJVMSRBVMKGD3SJDVOUEZMTE7JBJWTQ2TGYWBILCXGYUGV6UF,15.00,dua for mama,QA
Peter Otieno,GDI67V57QQT4JJZJPINPRUXBKDFQZJNJOZW7ZSFFWNPDHNKQN5N6GU7Y,60.60,Otieno & Sons Garage,US
Lindiwe Dube,GAOACWHJ67PMXLW6C5BEDKDF7KOACOJO4HM5TGS3KKCQAU4CPCWFSTCJ,10.99,,ZA
Mohammed Al-Amin,GABGW3P35YWE24NCNYS2PUPY5GSCN22K2F5PROO2NC4AUGVJDIAUVNMZ,200,In memory of baba,KW
Zainab Mwangi,GAE2ZIKCWXHUJU3FDU7NDSDJWM5KFPKYRMQEVN425MM2FGYQRUNWKL2R,8.75,"student budget, sorry",DE
Daniel Kiprop,GCXWZVTLSGQTYQGB3WGLD75JJMPRQZK47NMG5PMOMQBUSDMT7ZIELNDS,120.00,Eldoret runners club,US
Blessing Adebayo,GA2NBMGN56RNEAGVSKUQ4X77KMWLKFSVHFPLN6M5YI6ZX57O4NXAQSFS,45.00,,NG
Abebe Girma,GAIMM2UMHTL6CUDKNO4B547YQ6CNFTACL2VSIQGLMFZF3KLSW5YNWGOO,5.55,,IT
Nasra Farah,GDDMQFXHZUIVIZYXG6LR4GNKHKZEYKCX4YMWBOXX6ESZ7LRTOKZHHLZN,300.00,from the Minneapolis Somali women group,US
Kofi Mensah,GBBPBNU56RGOSITUH44UOTCYF73IPR2U4LHHJPCRBWBW4PD4MSXKR5IS,19.99,,GB
Winnie Nyambura,GCYRNSWYI256II5HV4JCEVVQDL4ODCODD2Y5VOSG2SRVN3KGEAAPH6E7,66.66,half from me half from mum,IE
Obinna Nwosu,GC2GCGAHSYLUQLXDOQIY3CHKVRACQHUUHKZK2GELREB7OX7XQOZLYXQO,30,,US
Sarah Wambui Ndegwa,GAZCJSIFM2KTBFDIR5KQNAR7OMWU6MFJGM2M66OUWDGYF2OWCTPE7BOP,22.22,,NZ
Joseph Kamau,GC23QCC5SPKWJORSVQRUVJVCCOPO27OM6FN3AWLDVWP6JJAACO4UKIGE,150.00,Kamau cousins Dallas,US
Amina Yusuf,GDTYTUBJNAXMMWC2QPVMW5MF6Y7WNVXELVO2JD7SFZEAAM6HGQGC7U24,7.77,,NO
Thabo Nkosi,GBS45LYYMIJEDJYMTSF5TFW7OTBYQOBHFE2AKHSTKMX46GOI5JGR5PU7,88.88,,GB
Michael Otieno,GABCDEF123,25.00,,US
Mercy Chebet,GAWHVX2MG67NDV7HF4N7AAXZFY2UNOKOEA5HUIPJZNXWDO6W7TWJP4GC,40.00,Chebet - please share the receipt,US
Ibrahim Sow,GDPRXECX2ZY4Y3S7UWGID655HJCXUUFZSSUYUDF6NDIR5ICAN6VKCIF4,11.11,,BE
Esther Njoki,GDPLAUYSRLFUZZOXVGVYIN6IWYGUTDEQNQSMFYSBQKP6CAZL5YM7G4X7,499.99,"Mama's church group, Atlanta",US
Elias Haile,GB2W5YWED4XBEZLPFS5YDMBNPYCVTXWGQED2622PCBEJO7K2Y3MDXENI,27.50,,CA
Naledi Mokoena,GBV3WAREOFXIU3QCPZHSOUSDDP6VSVPWYJOCEZN5YUL3Q5LPKZOX2SUL,55.00,,ZA
Kemi Olawale,GBQRTOMCO43UCAUCUXSVFWPXECJRJBDZXCCPU2KHPTSVWULBW2FTNEOJ,9.09,,GB
David Ochieng,GAGCPWRWFV7CCPSKQN3B5GOERZZQZ7RVULQF2GFMJVTDG62TWGB7DKK6,175.00,Ochieng brothers,US
Aisha Kamara,GBZWAY3F34Y2Y5APMKKCO3JY5ZI3K54ZG444BCZ7HTD7GM6QUNYQZY2X,13.13,,US
Simon Mutua,GB6VXGOUBHDFOIVH6QDYTCYYJW4K3YLJH5PSPIV72DGVMLLR77HGE5CP,35.35,Mutua's - from Perth,AU
Ruth Wairimu,GAJGUAX3HOW4U5WT5UOCVFFYEHEQKYG56DSCMA4U25LDSHD7C743KDXJ,90,,GB
Tariq Osman,GDZP24AM5U75Q6HN7QOSS65PG2SHCXCL5WVTRLN2AYGM3YW2BGIQG3KF,6.06,,SA
Beatrice Akinyi,GBC7YV7NTHBQX2F6U7PTU3KD3MQJQQM2HAJPODLABRYC3AKXYRWEGCIF,61.42,Akinyi + workmates,US
Juma Bakari,GBND52LO6X7HXGA6V7VTPG3CGHENI755F643L3TEIZ4ZGPLGCWJPPYPJ,18.18,,US
